{
  "project_info": {
    "project_number": "335787963720",
    "firebase_url": "https://siobook.firebaseio.com",
    "project_id": "siobook",
    "storage_bucket": "siobook.appspot.com"
  },
  "client": [
    {
      "client_info": {
        "mobilesdk_app_id": "1:335787963720:android:70b4cd794e904fa2",
        "android_client_info": {
          "package_name": "fr.orion.siobook"
        }
      },
      "oauth_client": [
        {
          "client_id": "335787963720-jsnak5otuomq2r58r9ps94ht0cjp0hb4.apps.googleusercontent.com",
          "client_type": 1,
          "android_info": {
            "package_name": "fr.orion.siobook",
            "certificate_hash": "5ff34494533d45309d2d9265db438c27d4817d73"
          }
        },
        {
          "client_id": "335787963720-e07b33fl72djja1ntqs1jpgv5kc5hf8h.apps.googleusercontent.com",
          "client_type": 1,
          "android_info": {
            "package_name": "fr.orion.siobook",
            "certificate_hash": "cfd889d62fd8fb23d7dee0808224a6334444c75e"
          }
        },
        {
          "client_id": "335787963720-366p9gg6m8ilnghc5hjvtofdkouaotiq.apps.googleusercontent.com",
          "client_type": 1,
          "android_info": {
            "package_name": "fr.orion.siobook",
            "certificate_hash": "2ae79a6ffcdaa3e4e3705cc0537aff40e3665473"
          }
        },
        {
          "client_id": "335787963720-bn0rmospv1e5qsnuluu0undf8n8b7s9i.apps.googleusercontent.com",
          "client_type": 3
        }
      ],
      "api_key": [
        {
          "current_key": "AIzaSyAno4n-qcGGvpOf-lzLAdO__bOhHFPcts4"
        }
      ],
      "services": {
        "appinvite_service": {
          "other_platform_oauth_client": [
            {
              "client_id": "335787963720-bn0rmospv1e5qsnuluu0undf8n8b7s9i.apps.googleusercontent.com",
              "client_type": 3
            },
            {
              "client_id": "335787963720-k0kggboo0eb2qgr9f9k7ohthlu1hlcc8.apps.googleusercontent.com",
              "client_type": 2,
              "ios_info": {
                "bundle_id": "etudiant.GestionDeProjet"
              }
            }
          ]
        }
      }
    }
  ],
  "configuration_version": "1"
}